"","AUC","CI","accuracy","sensitivity","specificity","precision","recall","f1score"
"1",0.976467976467976,"0.9511-1",0.927835051546392,0.831168831168831,0.991452991452991,0.984615384615385,0.831168831168831,0.901408450704225
