"","AUC","CI","accuracy","sensitivity","specificity","precision","recall","f1score"
"1",0.998163452708907,"0.9938-1",0.909090909090909,0.818181818181818,1,1,0.818181818181818,0.9
