"","AUC","CI","accuracy","sensitivity","specificity","precision","recall","f1score"
"1",0.967171717171717,"0.9091-1",0.907801418439716,0.909090909090909,0.888888888888889,0.991735537190083,0.909090909090909,0.948616600790514
