"","AUC","CI","accuracy","sensitivity","specificity","precision","recall","f1score"
"1",0.970538720538721,"0.9207-1",0.943262411347518,0.946969696969697,0.888888888888889,0.992063492063492,0.946969696969697,0.968992248062016
