"","AUC","CI","accuracy","sensitivity","specificity","precision","recall","f1score"
"1",0.975912975912976,"0.9562-0.9957",0.860824742268041,0.662337662337662,0.991452991452991,0.980769230769231,0.662337662337662,0.790697674418605
