"","AUC","CI","accuracy","sensitivity","specificity","precision","recall","f1score"
"1",0.997245179063361,"0.9911-1",0.954545454545455,0.939393939393939,0.96969696969697,0.96875,0.939393939393939,0.953846153846154
