"","AUC","CI","accuracy","sensitivity","specificity","precision","recall","f1score"
"1",0.98018648018648,"0.962-0.9984",0.958762886597938,0.948051948051948,0.965811965811966,0.948051948051948,0.948051948051948,0.948051948051948
