"","AUC","CI","accuracy","sensitivity","specificity","precision","recall","f1score"
"1",0.956228956228956,"0.8735-1",0.978723404255319,1,0.666666666666667,0.977777777777778,1,0.98876404494382
