"","AUC","CI","accuracy","sensitivity","specificity","precision","recall","f1score"
"1",0.98035298035298,"0.9629-0.9978",0.93298969072165,0.857142857142857,0.982905982905983,0.970588235294118,0.857142857142857,0.910344827586207
