"","AUC","CI","accuracy","sensitivity","specificity","precision","recall","f1score"
"1",0.982323232323232,"0.9487-1",0.978723404255319,0.984848484848485,0.888888888888889,0.99236641221374,0.984848484848485,0.988593155893536
