"","AUC","CI","accuracy","sensitivity","specificity","precision","recall","f1score"
"1",1,"1-1",0.954545454545455,0.909090909090909,1,1,0.909090909090909,0.952380952380952
