"","AUC","CI","accuracy","sensitivity","specificity","precision","recall","f1score"
"1",1,"1-1",0.993506493506494,0.987012987012987,1,1,0.987012987012987,0.993464052287582
