"","AUC","accuracy","sensitivity","specificity","precision","recall","f1score"
"1",0.985987696514012,0.955223880597015,0.976076555023923,0.920634920634921,0.953271028037383,0.976076555023923,0.964539007092199
