"","AUC","accuracy","sensitivity","specificity","precision","recall","f1score"
"1",0.999081726354454,0.984848484848485,1,0.96969696969697,0.970588235294118,1,0.985074626865672
