"","AUC","accuracy","sensitivity","specificity","precision","recall","f1score"
"1",0.971533516988062,0.954545454545455,1,0.909090909090909,0.916666666666667,1,0.956521739130435
